"0","library(data.table)"
"0","library(lubridate)"
"0","library(R.utils)"
"0","library(tidyverse)"
"2","Registered S3 methods overwritten by 'dbplyr':
  method         from
  print.tbl_lazy     
  print.tbl_sql      
"
"2","â”€â”€ [1mAttaching packages[22m â”€â”€â”€â”€â”€â”€â”€â”€â”€â”€â”€â”€â”€â”€â”€â”€â”€â”€â”€â”€â”€â”€â”€â”€â”€ tidyverse 1.3.2 â”€â”€"
"2","[32mâœ”[39m [34mggplot2[39m 3.4.0     [32mâœ”[39m [34mpurrr  [39m 1.0.1
[32mâœ”[39m [34mtibble [39m 3.1.8     [32mâœ”[39m [34mdplyr  [39m 1.1.0
[32mâœ”[39m [34mtidyr  [39m 1.3.0     [32mâœ”[39m [34mstringr[39m 1.5.0
[32mâœ”[39m [34mreadr  [39m 2.1.3     [32mâœ”[39m [34mforcats[39m 1.0.0"
"2","â”€â”€ [1mConflicts[22m â”€â”€â”€â”€â”€â”€â”€â”€â”€â”€â”€â”€â”€â”€â”€â”€â”€â”€â”€â”€â”€â”€â”€â”€â”€â”€â”€â”€ tidyverse_conflicts() â”€â”€
[31mâœ–[39m [34mlubridate[39m::[32mas.difftime()[39m masks [34mbase[39m::as.difftime()
[31mâœ–[39m [34mdplyr[39m::[32mbetween()[39m         masks [34mdata.table[39m::between()
[31mâœ–[39m [34mlubridate[39m::[32mdate()[39m        masks [34mbase[39m::date()
[31mâœ–[39m [34mtidyr[39m::[32mextract()[39m         masks [34mR.utils[39m::extract()
[31mâœ–[39m [34mdplyr[39m::[32mfilter()[39m          masks [34mstats[39m::filter()
[31mâœ–[39m [34mdplyr[39m::[32mfirst()[39m           masks [34mdata.table[39m::first()
[31mâœ–[39m [34mlubridate[39m::[32mhour()[39m        masks [34mdata.table[39m::hour()
[31mâœ–[39m [34mlubridate[39m::[32mintersect()[39m   masks [34mbase[39m::intersect()
[31mâœ–[39m [34mlubridate[39m::[32misoweek()[39m     masks [34mdata.table[39m::isoweek()
[31mâœ–[39m [34mdplyr[39m::[32mlag()[39m             masks [34mstats[39m::lag()
[31mâœ–[39m [34mdplyr[39m::[32mlast()[39m            masks [34mdata.table[39m::last()
[31mâœ–[39m [34mlubridate[39m::[32mmday()[39m        masks [34mdata.table[39m::mday()
[31mâœ–[39m [34mlubridate[39m::[32mminute()[39m      masks [34mdata.table[39m::minute()
[31mâœ–[39m [34mlubridate[39m::[32mmonth()[39m       masks [34mdata.table[39m::month()
[31mâœ–[39m [34mlubridate[39m::[32mquarter()[39m     masks [34mdata.table[39m::quarter()
[31mâœ–[39m [34mlubridate[39m::[32msecond()[39m      masks [34mdata.table[39m::second()
[31mâœ–[39m [34mlubridate[39m::[32msetdiff()[39m     masks [34mbase[39m::setdiff()
[31mâœ–[39m [34mpurrr[39m::[32mtranspose()[39m       masks [34mdata.table[39m::transpose()
[31mâœ–[39m [34mlubridate[39m::[32munion()[39m       masks [34mbase[39m::union()
[31mâœ–[39m [34mlubridate[39m::[32mwday()[39m        masks [34mdata.table[39m::wday()
[31mâœ–[39m [34mlubridate[39m::[32mweek()[39m        masks [34mdata.table[39m::week()
[31mâœ–[39m [34mlubridate[39m::[32myday()[39m        masks [34mdata.table[39m::yday()
[31mâœ–[39m [34mlubridate[39m::[32myear()[39m        masks [34mdata.table[39m::year()"
