"0","admissions_tblej<-semi_join(admissions_tble,icustays_tble,by=c('subject_id','hadm_id'))"
"0"," mimic_icu_cohort <- "
"0","    left_join(icustays_tble, admissions_tblej,by=""subject_id"") %>%"
"0","    left_join(patients_tble, by = c(""subject_id"")) %>%"
"0","    left_join(labevents_tblem, by = c(""subject_id"")) %>%"
"0","    left_join(chartevents_tblem, by = c(""subject_id"")) %>%"
"0","    mutate(age = anchor_age + year(admittime) - anchor_year) %>%"
"0","    filter(age > 18) %>%"
"0","     mutate(thirty_day_mort=if_else(is.na(deathtime),'No', if_else(as.Date(deathtime)-as.Date(admittime)<=30,""Yes"",""No"")))  %>%"
"0","   #'Yes' for die, 'No' for alive"
"0","    print(width = Inf)"
"2","Warning: Each row in `x` is expected to match at most 1 row in `y`."
